Engineer,Tell me what to do to learn git,"Learning Git is a valuable skill, especially if you are involved in software development or any collaborative projects. Here's a step-by-step guide on how to learn Git:

1. **Understand the Basics:**
   - **Version Control Systems (VCS):** Know what a version control system is and how it helps in tracking changes, collaborating, and managing project versions.
   - **Git Basics:** Familiarize yourself with terms like repository, commit, branches, merge, clone, push, pull, fetch, and pull requests.

2. **Install Git:**
   - Install Git on your computer. You can download the installer from the [official Git website](https://git-scm.com/).

3. **Set Up Git:**
   - Configure Git with your username and email. These details will be used in your commits.
     ```bash
     git config --global user.name ""Your Name""
     git config --global user.email ""your.email@example.com""
     ```

4. **Learn Basic Commands:**
   - Practice basic Git commands such as `git init`, `git add`, `git commit`, `git log`, `git status`, and `git diff`.
   - Use `git clone` to copy existing repositories.

5. **Work with Branches:**
   - Understand how to create and switch branches using `git branch` and `git checkout`.
   - Learn how to merge branches with `git merge`.

6. **Remote Repositories:**
   - Learn about remote repositories and how to interact with them using `git remote`, `git push`, `git pull`, and `git fetch`.
   - Get comfortable with platforms like GitHub, GitLab, or Bitbucket.

7. **Collaboration:**
   - Learn how to fork repositories, create pull requests, and contribute to open source projects.
   - Understand best practices for collaborative workflows, like feature branches and code reviews.

8. **Resolve Conflicts:**
   - Familiarize yourself with conflict resolution when merging branches.

9. **Explore Advanced Features:**
   - Learn about more advanced Git commands and features like `git stash`, `git rebase`, and `git bisect`.

10. **Use a Git GUI:**
    - Try using a graphical user interface for Git, such as GitHub Desktop, Sourcetree, or GitKraken, to simplify some of the command-line tasks.

11. **Practice:**
    - Create a project and manage it using Git to practice your skills.
    - Contribute to open-source projects on GitHub to gain real-world experience.

12. **Resources and Courses:**
    - Consider enrolling in online courses on platforms like Coursera, Udemy, or LinkedIn Learning.
    - Reference books such as ""Pro Git"" by Scott Chacon and Ben Straub, which is available for free online.

13. **Stay Updated:**
    - Keep up with updates and new features in Git by following the official Git blog and community forums.

By following this roadmap, you should be able to develop strong proficiency in Git. Remember, practice is key to becoming comfortable and efficient with Git and version control."
